,Gender_Male,Gender_Female,Gender_Males / Female,Gender_Total Population,Age Group_Under 5 years,Age Group_5 to 9 years,Age Group_10 to 14 years,Age Group_15 to 19 years,Age Group_20 to 24 years,Age Group_25 to 34 years,Age Group_35 to 44 years,Age Group_45 to 54 years,Age Group_55 to 59 years,Age Group_60 to 64 years,Age Group_65 to 74 years,Age Group_75 to 84 years,Age Group_85 years and over,Age Statistics_Median age (years),Age Statistics_18 years and over,Age Statistics_Male,Age Statistics_Female,Age Statistics_21 years and over,Age Statistics_62 years and over,Age Statistics_65 years and over,Age Statistics_Male,Age Statistics_Female,Race_One race,Race_White,Race_Black or African American,Race_American Indian and Alaska Native,Race_Asian,Race_Asian Indian,Race_Chinese,Race_Filipino,Race_Japanese,Race_Korean,Race_Vietnamese,Race_Other Asian,Race_Native Hawaiian and Other Pacific Islander,Race_Native Hawaiian,Race_Guamanian or Chamorro,Race_Samoan,Race_Other Pacific Islander,Race_Some other race,Hispanic Statistics_Hispanic or Latino (of any race),Hispanic Statistics_Mexican,Hispanic Statistics_Puerto Rican,Hispanic Statistics_Cuban,Hispanic Statistics_Other Hispanic or Latino,Hispanic Statistics_Not Hispanic or Latino,School Enrollment_Population 3 years and over enrolled in school,"School Enrollment_Nursery school, preschool",School Enrollment_Kindergarten,School Enrollment_Elementary school (grades 1-8),School Enrollment_High school (grades 9-12),School Enrollment_College or graduate school,Education Level_Population 25 years and over,Education Level_Less than 9th grade,"Education Level_9th to 12th grade, no diploma",Education Level_High school graduate (includes equivalency),Education Level_High school or higher,"Education Level_Some college, no degree",Education Level_Associate degree,Education Level_Bachelor's degree,Education Level_Bachelor's degree or higher,Education Level_Graduate or professional degree,Ancestry_Total ancestries reported,Ancestry_Arab,Ancestry_Czech,Ancestry_Danish,Ancestry_Dutch,Ancestry_English,Ancestry_French (except Basque),Ancestry_French Canadian,Ancestry_German,Ancestry_Greek,Ancestry_Hungarian,Ancestry_Irish,Ancestry_Italian,Ancestry_Lithuanian,Ancestry_Norwegian,Ancestry_Polish,Ancestry_Portuguese,Ancestry_Russian,Ancestry_Scotch-Irish,Ancestry_Scottish,Ancestry_Slovak,Ancestry_Subsaharan African,Ancestry_Swedish,Ancestry_Swiss,Ancestry_Ukrainian,Ancestry_United States or American,Ancestry_Welsh,Ancestry_West Indian (excluding Hispanic groups),Ancestry_Other ancestries,Group_Population 16 years and over,Group_Males 16 years and over,Group_Females 16 years and over,Group_In labor force,Group_Males in labor force,Group_Females in labor force,Group_Civilian labor force,Group_Employed,Group_Unemployed,Group_Unemployment level,Group_Armed Forces,Group_Not in labor force,Employment Type_Private wage and salary workers,Employment Type_Government workers,Employment Type_Self-employed workers in own not incorporated business,Employment Type_Unpaid family workers,"Occupation_Management, professional, and related occupations",Occupation_Service occupations,Occupation_Sales and office occupations,"Occupation_Farming, fishing, and forestry occupations","Occupation_Construction, extraction, and maintenance occupations","Occupation_Production, transportation, and material moving occupations","Industry_Agriculture, forestry, fishing and hunting, and mining",Industry_Construction,Industry_Manufacturing,Industry_Wholesale trade,Industry_Retail trade,"Industry_Transportation and warehousing, and utilities",Industry_Information,"Industry_Finance, insurance, real estate, and rental and leasing","Industry_Professional, scientific, management, administrative, and waste management services","Industry_Educational, health and social services","Industry_Arts, entertainment, recreation, accommodation and food services",Industry_Other services (except public administration),Industry_Public administration,Household Income_Households,"Household Income_Less than $10,000","Household Income_$10,000 to $14,999","Household Income_$15,000 to $24,999","Household Income_$25,000 to $34,999","Household Income_$35,000 to $49,999","Household Income_$50,000 to $74,999","Household Income_$75,000 to $99,999","Household Income_$100,000 to $149,999","Household Income_$150,000 to $199,999","Household Income_$200,000 or more",Household Income_Median household income (dollars),Household Income_Average household size,Household Income_Average income per member of household,Type_Workers 16 years and over,"Type_Car, truck, or van - drove alone","Type_Car, truck, or van - carpooled",Type_Public transportation (including taxicab),Type_Walked,Type_Other means,Type_Worked at home,Type_Mean travel time to work (minutes),Housing Occupancy_Total housing units,Housing Occupancy_Occupied housing units,Housing Occupancy_Owner-occupied housing units,Housing Occupancy_Renter-occupied housing units,Housing Occupancy_Vacant housing units,Housing Occupancy_For seasonal or occasional use,Housing Occupancy_Homeowner vacancy rate,Housing Occupancy_Rental vacancy rate,Housing Occupancy_Average household size of owner-occupied unit,Housing Occupancy_Average household size of renter-occupied unit,Structure Type_Total housing units,"Structure Type_1-unit, detached","Structure Type_1-unit, attached",Structure Type_2 units,Structure Type_3 or 4 units,Structure Type_5 to 9 units,Structure Type_10 to 19 units,Structure Type_20 or more units,Structure Type_Mobile home,"Structure Type_Boat, RV, van, etc.",Rooms per residence unit_Total housing units,Rooms per residence unit_1 room,Rooms per residence unit_2 rooms,Rooms per residence unit_3 rooms,Rooms per residence unit_4 rooms,Rooms per residence unit_5 rooms,Rooms per residence unit_6 rooms,Rooms per residence unit_7 rooms,Rooms per residence unit_8 rooms,Rooms per residence unit_9 or more rooms,Rooms per residence unit_Median (rooms),Occupants per room_Occupied housing units,Occupants per room_1.00 or less,Occupants per room_1.01 to 1.50,Occupants per room_1.51 or more,Household heating fuel type_Utility gas,"Household heating fuel type_Bottled, tank, or LP gas",Household heating fuel type_Electricity,"Household heating fuel type_Fuel oil, kerosene, etc.",Household heating fuel type_Coal or coke,Household heating fuel type_Wood,Household heating fuel type_Solar energy,Household heating fuel type_Other fuel,Household heating fuel type_No fuel used,Property Type_Specified owner-occupied units,"Property Type_Less than $50,000","Property Type_$50,000 to $99,999","Property Type_$100,000 to $149,999","Property Type_$150,000 to $199,999","Property Type_$200,000 to $299,999","Property Type_$300,000 to $499,999","Property Type_$500,000 to $999,999","Property Type_$1,000,000 or more",Mortgage payments_With a mortgage,Mortgage payments_Less than $300,Mortgage payments_$300 to $499,Mortgage payments_$500 to $699,Mortgage payments_$700 to $999,"Mortgage payments_$1,000 to $1,499","Mortgage payments_$1,500 to $1,999","Mortgage payments_$2,000 or more",Mortgage payments_Not mortgaged,Mortgage payment as a percentage of income_Less than 15 percent,Mortgage payment as a percentage of income_15 to 19 percent,Mortgage payment as a percentage of income_20 to 24 percent,Mortgage payment as a percentage of income_25 to 29 percent,Mortgage payment as a percentage of income_30 to 34 percent,Mortgage payment as a percentage of income_35 percent or more,Mortgage payment as a percentage of income_Not computed,Rent payment amount_Specified renter-occupied units,Rent payment amount_Less than $200,Rent payment amount_$200 to $299,Rent payment amount_$300 to $499,Rent payment amount_$500 to $749,Rent payment amount_$750 to $999,"Rent payment amount_$1,000 to $1,499","Rent payment amount_$1,500 or more",Rent payment amount_No cash rent,Rent payment amount_Median (dollars),Rent payment as a percentage of income_Less than 15 percent,Rent payment as a percentage of income_15 to 19 percent,Rent payment as a percentage of income_20 to 24 percent,Rent payment as a percentage of income_25 to 29 percent,Rent payment as a percentage of income_30 to 34 percent,Rent payment as a percentage of income_35 percent or more,Rent payment as a percentage of income_Not computed,Vehicles per household_None,Vehicles per household_1,Vehicles per household_2,Vehicles per household_3 or more
78701,2506,1349,1.86,3855,46,31,35,160,580,988,683,522,152,126,276,192,64,36.1,3713,2424,1289,3436,603,532,228,304,3644,2775,464,25,140,67,27,5,8,12,6,15,2,2,0,0,0,238,710,400,17,5,288,3145,893,27,8,45,77,736,2902,174,329,405,2399,555,98,645,1341,696,3194,83,43,42,34,405,93,23,420,10,0,319,57,0,32,34,0,24,57,125,0,31,9,25,6,143,28,9,1142,3646,2319,1327,2080,1381,699,2080,1925,155,-,0,1566,1510,286,129,0,942,229,489,11,101,153,11,84,129,59,216,24,91,118,351,409,222,113,98,1707,314,102,187,219,267,100,134,140,87,157,"$35,757.00",1.48,"$24,160.14",1891,961,167,274,265,95,129,22.1 minutes,2035,1811,636,1175,224,115,2.60 %,3.40 %,1.60,1.42,2002,141,45,63,116,43,157,1426,11,0,2002,293,389,411,359,249,205,59,22,15,3.3,1745,1656,3,86,478,0,1242,0,0,8,0,6,11,89,0,10,20,7,37,7,8,0,57,0,0,1,0,15,19,22,32,34,14,7,19,0,15,0,1086.0,127.0,13.0,94.0,315.0,250.0,151.0,123.0,13.0,738.0,157.0,105.0,145.0,121.0,111.0,358.0,89.0,233,1043,412,57
78702,11337,11197,1.01,22534,1986,1978,1915,1832,1861,3387,3029,2305,745,698,1455,950,393,29.8,15592,7815,7777,14400,3220,2798,1056,1742,21932,6765,5338,224,81,14,6,3,1,7,35,15,10,0,2,0,8,9514,15261,11963,51,16,3231,7273,6315,332,454,3268,1276,985,12935,4251,2690,3098,5994,1598,187,761,1111,350,19561,8,5,12,56,228,72,6,262,6,0,302,122,0,12,0,46,26,86,42,0,250,11,7,0,278,20,20,17684,16302,8081,8221,8956,5019,3937,8956,7967,989,-,0,7346,5916,1403,645,3,1231,1894,1896,68,1545,1333,69,1364,766,208,793,293,99,304,788,1328,922,531,502,7289,1777,769,1265,1235,974,784,241,152,60,32,"$23,348.00",3.04,"$7,680.26",7652,3968,2097,747,317,401,122,24.3 minutes,7725,7242,3419,3823,483,43,1.40 %,3.80 %,3.04,3.03,7705,5349,344,318,333,346,203,669,107,36,7705,332,868,1420,1849,1647,1086,271,128,104,4.2,7259,5771,767,721,5321,90,1736,34,0,6,0,6,66,3199,1239,1736,120,71,6,10,0,17,1173,22,200,350,357,224,15,5,2026,1331,400,299,213,195,699,62,3867.0,593.0,467.0,1115.0,1057.0,304.0,101.0,0.0,230.0,443.0,764.0,414.0,360.0,428.0,259.0,1207.0,435.0,1946,2912,1784,617
78703,9747,9838,0.99,19585,1203,952,829,711,1345,4965,3474,2863,899,495,806,698,345,34.5,16122,7964,8158,15724,2128,1849,747,1102,19183,16779,294,68,1472,90,644,18,33,599,20,68,8,1,0,3,4,562,1494,1013,26,27,428,18091,5590,404,248,1301,650,2987,14531,513,185,576,13833,2086,396,5670,10775,5105,21886,139,345,143,292,3531,881,127,3075,103,60,2425,745,43,299,302,46,250,1002,1008,33,72,429,143,56,831,202,5,5299,16482,8133,8349,11672,6444,5228,11660,11401,259,-,12,4810,7113,2709,1546,33,7766,914,2130,14,216,361,75,258,744,91,950,173,595,864,2320,3142,868,519,802,9565,649,636,1120,983,1045,1445,967,1192,583,945,"$54,591.00",1.99,"$27,432.66",11221,8564,522,656,235,328,916,16.5 minutes,10158,9602,4873,4729,556,97,1.00 %,4.40 %,2.23,1.74,10132,5247,614,769,639,714,1092,1042,15,0,10132,464,909,1328,1895,1575,1299,1075,628,959,4.8,9578,9212,184,182,6122,96,3324,0,0,22,0,7,7,4270,6,172,231,497,1192,1218,768,186,2730,0,33,52,144,577,673,1251,1540,1663,649,543,314,257,810,34,4644.0,9.0,17.0,886.0,1458.0,965.0,837.0,306.0,166.0,717.0,726.0,506.0,636.0,469.0,517.0,1574.0,216.0,438,4518,3674,948
78704,22453,20796,1.08,43249,2745,2116,1754,2522,5360,11228,7224,5263,1302,837,1463,1024,411,30.6,35480,18394,17086,33195,3385,2898,1123,1775,41719,31038,2109,380,593,116,144,72,33,38,109,81,32,15,3,2,12,7567,14704,11123,158,103,3320,28545,10228,585,567,3189,1344,4543,28978,2354,2458,4379,24166,6194,1382,7966,12211,4245,46992,211,547,175,608,4174,1574,316,6120,106,152,4588,1293,112,468,812,133,350,1244,1049,26,312,535,93,46,1662,385,119,19782,36259,18715,17544,28435,15660,12775,28416,27357,1059,-,19,7824,20463,4924,1907,63,11621,4654,6540,65,2466,2011,111,1989,2105,664,3041,604,1698,1476,4118,4375,3657,1445,2074,20753,1726,1292,3345,3750,3712,3568,1652,1175,247,286,"$35,733.00",2.04,"$17,516.18",26798,18757,3641,1446,942,846,1166,21.4 minutes,21407,20618,6354,14264,789,154,0.90 %,2.40 %,2.17,1.98,21417,7254,1085,1807,1557,1979,2406,4997,165,167,21417,1614,2892,4365,5493,3325,1969,916,527,316,3.8,20623,19055,623,945,9469,269,10760,25,0,6,31,0,63,5071,114,1221,1210,1239,967,277,34,9,3337,0,66,279,919,1191,543,339,1734,1938,932,703,397,279,797,25,14381.0,444.0,192.0,1810.0,6696.0,3806.0,945.0,183.0,305.0,670.0,2040.0,2328.0,2225.0,1867.0,1158.0,4245.0,518.0,2227,10399,6548,1449
78705,14128,12697,1.11,26825,200,158,135,8069,11747,3803,1145,834,241,146,165,128,54,21.2,26177,13787,12390,14107,430,347,147,200,26005,20003,803,90,3996,1242,1309,185,136,369,329,426,18,7,1,6,4,1095,2703,1834,58,53,758,24122,21364,66,32,295,168,20803,6779,52,157,412,6570,999,206,2870,4953,2083,29169,215,346,192,282,2466,1024,182,4457,160,81,2826,1080,68,432,821,22,409,793,932,42,154,358,52,106,695,289,39,10646,26321,13904,12417,14341,7702,6639,14323,12687,1636,-,18,11980,8765,3451,427,44,5816,2231,3908,0,175,557,21,193,627,97,1476,72,871,551,1716,4111,1996,513,443,9937,3899,1115,1788,973,724,551,391,271,100,125,"$14,740.00",1.75,"$8,422.86",12233,6377,648,854,3035,779,540,16.1 minutes,10242,9887,1138,8749,355,59,1.40 %,2.10 %,1.95,1.72,10274,1327,222,600,523,683,2098,4786,26,9,10274,1978,2467,2280,1775,981,343,255,103,92,2.8,9922,9284,240,398,3800,95,5965,0,0,0,0,18,44,661,8,21,103,180,163,132,48,6,376,0,0,9,6,131,113,117,285,273,105,63,90,42,81,7,8822.0,27.0,104.0,1400.0,3872.0,1616.0,1155.0,438.0,210.0,640.0,557.0,582.0,530.0,477.0,462.0,5198.0,1016.0,1246,5255,2411,1010
78717,4010,4138,0.97,8148,878,870,703,518,261,1307,2020,988,205,131,137,89,41,32.3,5339,2602,2737,5132,329,267,104,163,7999,6710,352,24,675,221,161,27,12,65,118,71,10,0,0,7,3,228,789,599,31,8,151,7359,2601,327,172,1200,498,404,4939,32,81,624,4826,985,299,1954,2918,964,9375,102,200,41,75,1059,265,101,1778,0,36,1030,378,30,112,237,24,15,236,223,10,131,162,46,26,444,137,10,2467,5652,2744,2908,4363,2509,1854,4363,4283,80,-,0,1289,3568,469,229,17,2553,190,1180,0,111,249,46,120,1175,131,537,97,207,384,592,580,150,106,158,2680,12,34,46,197,228,594,545,752,148,124,"$87,290.00",3.03,"$28,808.58",4227,3667,278,0,30,34,218,26.5 minutes,2764,2670,2120,550,94,3,1.30 %,7.60 %,3.28,2.05,2762,2197,0,9,7,51,121,361,16,0,2762,32,13,237,238,312,292,383,456,799,7.2,2674,2635,24,15,2170,23,481,0,0,0,0,0,0,2037,16,159,482,626,713,29,0,12,1915,0,0,0,114,785,659,357,122,507,598,354,245,152,181,0,552.0,0.0,0.0,0.0,12.0,256.0,253.0,18.0,13.0,1002.0,57.0,134.0,81.0,70.0,92.0,98.0,20.0,27,493,1643,511
78719,897,868,1.03,1765,176,188,167,142,112,298,281,187,55,58,73,19,9,28.5,1138,568,570,1074,136,101,49,52,1729,1121,118,16,7,1,1,1,2,1,0,1,1,0,1,0,0,466,992,749,4,0,239,773,642,21,26,331,97,167,1047,149,234,245,664,281,72,50,66,16,1799,0,0,0,4,51,7,0,165,0,0,88,14,0,13,24,10,0,33,0,0,0,9,0,0,19,0,2,1360,1247,640,607,833,493,340,833,802,31,-,0,414,563,200,39,0,89,98,312,0,159,144,18,91,123,59,106,50,3,71,36,99,11,30,105,527,40,47,42,112,87,129,49,15,6,0,"$36,480.00",3.33,"$10,954.95",790,652,109,0,3,26,0,35.7 minutes,568,530,379,151,38,2,1.00 %,7.40 %,3.28,3.45,588,221,5,61,0,0,0,0,301,0,588,17,21,100,56,194,96,62,11,31,5.0,541,450,76,15,102,58,377,0,0,0,0,4,0,185,27,110,48,0,0,0,0,0,133,0,9,35,44,32,0,13,52,45,64,8,9,22,28,9,173.0,6.0,0.0,30.0,57.0,37.0,0.0,0.0,43.0,639.0,14.0,32.0,8.0,44.0,6.0,26.0,43.0,13,226,181,121
78721,4990,5134,0.97,10124,973,976,853,815,828,1440,1309,1021,374,385,673,362,115,28.8,6857,3291,3566,6322,1373,1150,445,705,9918,2375,4578,70,10,1,0,1,1,0,5,2,5,0,0,1,4,2880,5138,4328,32,10,768,4986,2745,194,244,1449,610,248,5776,1218,1489,1576,3069,847,222,289,424,135,8682,0,6,0,0,41,41,0,107,4,0,89,8,2,0,15,0,0,18,3,0,138,14,0,0,100,5,29,8062,7272,3465,3807,3948,2233,1715,3948,3583,365,-,0,3324,2748,717,115,3,536,797,902,7,641,700,8,549,394,81,388,209,59,185,264,662,306,236,242,3104,557,317,570,497,466,478,124,65,14,16,"$26,646.00",3.23,"$8,249.54",3426,1950,1011,339,26,63,37,29.5 minutes,3304,3099,1792,1307,205,19,1.50 %,5.10 %,3.09,3.43,3309,2435,133,224,180,44,38,146,69,40,3309,57,283,478,658,969,475,262,109,18,4.7,3100,2487,308,305,2154,69,838,26,0,0,0,0,13,1553,644,844,29,29,7,0,0,0,737,40,154,261,210,43,29,0,816,632,192,138,109,112,313,57,1314.0,130.0,97.0,277.0,590.0,113.0,24.0,0.0,83.0,538.0,243.0,192.0,202.0,77.0,117.0,380.0,103.0,621,1214,802,463
78722,3297,3068,1.07,6365,296,243,256,276,886,1742,941,660,163,122,317,317,146,31.1,5431,2804,2627,5163,844,780,292,488,6182,3980,1407,41,133,45,31,11,10,8,14,14,3,0,1,2,0,618,1300,957,27,27,289,5065,1488,76,84,309,192,827,4342,335,331,680,3676,914,98,1195,1984,789,6580,38,93,44,101,585,211,32,822,0,22,666,162,6,72,102,15,41,189,166,0,36,67,19,16,154,84,15,2822,5476,2807,2669,4061,2231,1830,4061,3915,146,-,0,1415,2541,1007,367,0,1920,571,807,9,290,318,0,261,363,61,299,81,270,127,584,826,483,228,332,2830,320,249,405,407,452,605,176,164,14,38,"$35,794.00",2.13,"$16,804.69",3822,2497,481,330,123,241,150,18.1 minutes,2979,2886,1297,1589,93,5,1.00 %,2.80 %,2.18,2.09,2965,1950,113,239,34,42,49,538,0,0,2965,197,313,262,553,699,572,214,117,38,4.7,2872,2699,72,101,2042,27,777,0,0,0,0,0,26,1266,96,359,505,188,113,5,0,0,807,6,34,50,239,372,95,11,459,457,180,207,100,90,219,13,1527.0,22.0,51.0,307.0,549.0,306.0,286.0,6.0,0.0,662.0,122.0,172.0,246.0,199.0,163.0,605.0,20.0,272,1245,1051,304
78723,15594,14516,1.07,30110,2644,2218,1931,2407,3698,5624,4237,3135,1013,799,1387,800,217,28.3,21989,11463,10526,20204,2863,2404,986,1418,29184,12287,9563,173,358,76,87,37,20,25,75,38,26,7,4,11,4,6777,12733,10564,89,148,1932,17377,7791,446,465,3448,1594,1838,17116,2727,2440,4084,11949,3922,714,2122,3229,1107,28936,46,277,44,169,1284,292,72,1579,14,60,1195,231,0,151,205,25,45,478,281,14,582,304,32,12,740,97,59,20648,22864,11776,11088,15086,8588,6498,15086,14246,840,-,0,7778,10456,2997,782,11,3539,2775,3637,6,2327,1962,37,1959,1563,275,1237,737,526,725,1259,2454,1552,768,1154,10513,1098,838,1658,1735,1912,2093,726,306,65,82,"$34,242.00",2.87,"$11,931.01",13875,9146,2958,1087,136,353,195,23.7 minutes,10800,10430,4612,5818,370,22,1.00 %,3.50 %,2.78,2.93,10833,5471,444,521,402,353,701,2932,9,0,10833,685,1194,1825,1595,1926,1903,1022,457,226,4.6,10463,8493,818,1152,6224,149,4039,0,0,0,0,8,43,4328,156,3181,888,61,37,5,0,0,2969,6,138,515,1515,711,74,10,1359,1768,748,521,356,252,670,13,5836.0,213.0,104.0,751.0,3104.0,1171.0,339.0,55.0,99.0,639.0,827.0,758.0,812.0,561.0,448.0,2172.0,258.0,1481,4451,3174,1357
78724,8115,7313,1.11,15428,1519,1572,1444,1443,1433,2715,2494,1517,441,334,367,114,35,26.2,10032,5318,4714,9154,716,516,212,304,15041,4487,6385,129,41,6,5,1,1,5,16,7,7,3,4,0,0,3992,6699,5489,47,25,1138,8729,4657,399,354,2311,1178,415,7881,1374,1588,2473,4919,1554,272,425,620,195,12434,0,16,8,42,102,86,24,401,11,0,325,78,0,19,9,0,15,59,43,0,240,54,0,0,272,0,79,10551,10440,5602,4838,5959,3063,2896,5955,5570,385,-,4,4481,4191,1058,297,24,908,1162,1615,0,809,1076,21,588,936,115,544,278,196,327,548,758,435,337,487,3843,357,262,467,739,767,804,292,94,11,50,"$36,641.00",3.60,"$10,178.06",5404,3332,1568,289,45,96,74,27.9 minutes,4294,3983,2735,1248,311,8,1.30 %,7.30 %,3.57,3.68,4166,2267,133,144,346,0,0,55,1179,42,4166,14,194,533,667,1613,733,247,71,94,4.9,3869,3032,529,308,1859,493,1503,0,0,14,0,0,0,1649,287,1161,89,29,42,31,10,0,1422,5,96,354,601,281,70,15,227,571,219,236,208,102,294,19,1182.0,29.0,29.0,189.0,487.0,314.0,102.0,0.0,32.0,700.0,123.0,183.0,84.0,152.0,96.0,483.0,61.0,308,1676,1336,549
78725,900,936,0.96,1836,152,165,182,151,130,284,315,247,68,53,49,28,12,29.7,1241,610,631,1158,119,89,36,53,1769,905,513,42,44,6,4,13,0,2,11,8,4,0,0,0,4,261,633,454,6,0,173,1203,678,61,28,380,107,102,1287,108,116,362,1063,381,22,224,298,74,2041,0,11,14,15,102,0,8,183,0,0,142,39,0,0,14,0,9,53,18,0,0,60,0,0,86,0,0,1287,1537,752,785,1149,609,540,1129,1044,85,-,20,388,650,355,39,0,327,111,338,12,130,126,0,51,174,0,119,61,31,32,136,167,25,51,197,721,20,20,19,88,254,107,104,78,0,31,"$47,076.00",3.21,"$14,665.42",1042,737,212,0,31,20,42,28 minutes,591,569,480,89,22,2,1.00 %,1.10 %,3.20,3.29,721,538,0,0,0,0,0,0,183,0,721,0,0,50,67,196,270,46,61,31,5.7,695,650,18,27,421,130,144,0,0,0,0,0,0,470,36,281,153,0,0,0,0,0,419,0,0,9,207,203,0,0,51,159,41,32,72,116,41,9,82.0,11.0,0.0,0.0,38.0,9.0,0.0,0.0,24.0,658.0,25.0,0.0,9.0,10.0,0.0,14.0,24.0,0,286,290,119
78726,3267,3213,1.02,6480,600,736,569,426,207,903,1591,893,216,111,152,62,14,33.4,4259,2154,2105,4111,281,228,115,113,6352,5481,163,18,546,225,171,7,11,50,35,47,8,4,3,0,1,136,427,277,40,12,98,6053,2183,213,107,1125,414,324,3992,0,100,347,3892,793,239,1499,2513,1014,7373,58,78,9,102,959,237,93,1297,5,0,715,351,0,110,134,19,65,236,160,0,33,99,10,45,357,45,11,2145,4513,2187,2326,3379,1923,1456,3379,3325,54,-,0,1134,2695,420,197,13,2280,154,703,0,97,91,19,88,725,71,379,43,162,282,685,498,127,86,160,2246,41,10,111,126,223,328,433,620,215,139,"$89,891.00",2.93,"$30,679.52",3286,2750,305,8,49,35,139,28.5 minutes,2632,2215,1613,602,417,15,0.90 %,37.00 %,3.25,2.06,2646,1650,10,0,21,141,290,520,14,0,2646,0,41,236,409,450,165,283,464,598,6.6,2256,2224,0,32,1539,62,655,0,0,0,0,0,0,1529,16,8,177,309,777,209,33,0,1432,0,0,16,40,278,505,593,97,415,262,348,221,92,183,8,675.0,27.0,0.0,0.0,95.0,323.0,185.0,45.0,0.0,874.0,158.0,111.0,126.0,74.0,46.0,160.0,0.0,10,504,1368,374
78727,11335,10877,1.04,22212,1577,1318,1301,1232,1769,5450,4402,2997,778,473,527,299,89,31.7,17212,8755,8457,16598,1174,915,408,507,21573,16904,1369,117,1935,489,383,79,71,171,556,186,9,3,1,1,4,1239,3246,2275,70,26,875,18966,5682,393,236,2116,1160,1777,15138,276,670,2192,14192,3288,849,5563,7863,2300,24091,190,521,58,247,2441,948,168,3714,137,116,2643,910,6,162,382,8,164,523,491,13,170,348,98,51,1031,174,71,8306,17883,8974,8909,14360,7920,6440,14341,13990,351,-,19,3523,10965,2130,872,23,7879,1000,3536,13,661,901,27,543,2868,478,1518,389,699,1025,2159,2170,685,461,968,9446,264,159,507,824,1607,2532,1742,1296,312,203,"$62,648.00",2.37,"$26,433.76",13795,11875,1210,88,76,55,491,22.3 minutes,9593,9333,5373,3960,260,56,0.50 %,2.80 %,2.68,1.95,9615,6024,197,267,333,493,922,1345,34,0,9615,203,414,1321,1468,1842,2215,1179,573,400,5.3,9347,9042,90,215,6292,87,2951,0,0,0,0,0,17,5104,30,1314,2255,975,464,66,0,0,4615,9,0,144,1073,2291,854,244,489,1535,1148,948,482,329,654,8,3987.0,7.0,19.0,49.0,447.0,1875.0,1353.0,184.0,53.0,929.0,1011.0,667.0,717.0,431.0,273.0,768.0,120.0,306,3148,4507,1386
78728,8740,8558,1.02,17298,1388,1048,883,814,1845,5350,3168,1630,369,282,331,160,30,29.6,13533,6845,6688,12935,666,521,192,329,16775,11961,1668,82,1917,736,238,64,26,223,435,195,21,9,3,1,8,1126,2966,2029,107,32,798,14332,3981,333,193,1410,692,1353,11363,277,545,1562,10541,2848,797,3894,5334,1440,19150,87,373,40,135,1571,489,130,3063,32,9,1911,529,15,186,483,67,40,344,405,30,95,364,34,15,937,163,42,7561,13987,7037,6950,11581,6353,5228,11562,11221,341,-,19,2406,9034,1675,492,20,5591,797,3418,0,530,885,39,473,2353,286,1523,272,436,996,1401,1733,554,346,809,7978,297,261,695,1002,1596,1978,1104,816,158,71,"$51,078.00",2.18,"$23,430.28",11077,9273,1256,16,109,112,311,22 minutes,8268,7943,3028,4915,325,76,1.10 %,2.80 %,2.74,1.83,8300,3230,96,77,414,630,1421,2299,124,9,8300,331,1392,1760,1353,1044,1121,561,541,197,4.0,7972,7634,106,232,2804,80,5059,0,0,17,0,0,12,2823,20,470,1694,552,87,0,0,0,2698,0,17,54,467,1694,412,54,125,799,641,535,363,196,289,0,4978.0,21.0,14.0,90.0,2076.0,1973.0,756.0,32.0,16.0,776.0,851.0,971.0,873.0,594.0,416.0,1225.0,48.0,330,3645,3259,738
78729,12264,12297,1.00,24561,1826,1829,1683,1479,1941,5503,4876,3202,746,441,481,357,197,30.9,18272,9089,9183,17444,1273,1035,375,660,23982,19659,1217,90,1894,448,696,106,55,161,287,141,12,8,2,2,0,1110,2859,1936,87,26,810,21702,6511,587,440,2629,1264,1591,15932,229,501,2611,15202,4332,1104,5029,7155,2126,25736,175,281,121,276,2509,771,287,4492,98,58,2920,617,33,187,576,93,218,596,484,33,196,452,101,9,2291,149,62,7651,18951,9551,9400,15349,8487,6862,15291,14915,376,-,58,3602,12095,2061,737,22,7310,1260,4243,20,951,1131,71,797,2583,388,2099,360,608,1226,2191,1983,810,847,952,9970,269,243,654,1002,1736,2743,1597,1241,287,198,"$59,497.00",2.44,"$24,384.02",14806,12577,1346,77,115,72,619,22.9 minutes,10265,9988,5187,4801,277,27,0.70 %,3.10 %,2.85,2.00,10285,5498,347,594,465,817,1186,1318,60,0,10285,277,794,1207,1525,1756,1804,1419,946,557,5.3,10017,9652,200,165,4191,94,5698,0,0,0,15,0,19,4777,29,510,2722,1228,275,0,8,5,4496,11,16,124,688,2604,861,192,281,1445,1000,984,481,278,579,10,4842.0,55.0,34.0,119.0,1257.0,1618.0,1428.0,295.0,36.0,899.0,620.0,872.0,1046.0,645.0,304.0,1278.0,77.0,338,3487,4728,1464
78730,2558,2327,1.10,4885,488,389,263,136,186,817,1134,847,277,162,136,43,7,36.4,3651,1904,1747,3585,271,186,96,90,4826,4464,53,17,232,98,58,11,10,12,28,15,2,1,0,1,0,58,300,164,7,10,119,4585,1201,146,74,510,219,252,3322,0,11,218,3311,470,257,1431,2366,935,5341,0,104,45,113,876,127,18,860,62,8,412,308,8,85,55,7,58,115,118,0,0,145,34,62,436,28,6,1251,3702,1894,1808,2775,1756,1019,2775,2690,85,-,0,927,2110,260,320,0,1829,96,642,0,28,95,0,94,590,93,233,57,129,246,604,349,72,82,141,1929,29,18,59,78,149,204,243,310,302,537,"$128,524.00",2.48,"$51,824.19",2652,2167,95,20,51,36,283,23.7 minutes,2101,1967,1457,510,134,29,2.10 %,2.70 %,2.84,1.46,2089,1582,8,0,36,69,243,144,7,0,2089,16,133,175,208,88,68,184,318,899,8.0,1951,1945,0,6,696,265,990,0,0,0,0,0,0,1389,0,0,0,22,202,763,382,20,1252,0,0,0,0,60,132,1060,137,438,292,269,158,41,177,14,500.0,0.0,0.0,0.0,78.0,259.0,136.0,17.0,10.0,910.0,148.0,114.0,68.0,46.0,17.0,97.0,10.0,10,461,1057,423
78731,11767,12292,0.96,24059,1081,1084,1059,993,2651,4338,3553,3570,1204,974,1671,1326,555,37.4,20248,9796,10452,19430,4099,3552,1487,2065,23644,21522,241,62,1359,382,399,23,70,304,88,93,2,1,0,1,0,458,1609,1078,41,43,447,22450,6481,390,191,1880,759,3261,17444,56,158,1158,17230,3137,524,6646,12411,5765,27215,218,362,112,202,4399,961,165,4587,113,145,2908,801,56,350,520,0,387,1169,1330,33,10,415,175,57,1550,278,28,5884,20601,9900,10701,14170,7772,6398,14157,13754,403,-,13,6431,9218,2993,1505,38,9031,784,3258,0,365,316,64,439,1331,272,1437,142,635,1348,2816,3374,628,412,856,11707,816,388,901,1248,1452,1816,1540,1753,816,977,"$62,404.00",2.02,"$30,893.07",13590,11230,792,511,183,144,730,19.1 minutes,11997,11716,6912,4804,281,53,0.60 %,2.10 %,2.25,1.70,11935,6296,868,379,296,1021,988,2057,30,0,11935,325,947,1653,1777,1424,1425,1571,1347,1466,5.4,11674,11430,121,123,6632,80,4945,0,0,0,0,8,9,6106,35,188,623,990,2078,1703,435,54,4058,0,35,90,258,903,831,1941,2048,2400,1071,693,560,433,944,5,4744.0,33.0,5.0,98.0,1984.0,1630.0,669.0,292.0,33.0,778.0,737.0,655.0,619.0,534.0,408.0,1558.0,233.0,482,4697,5065,1430
78732,1888,1741,1.08,3629,422,327,209,100,68,812,869,489,124,63,86,50,10,33.7,2601,1356,1245,2563,181,146,68,78,3553,3287,53,13,159,54,27,17,5,16,29,11,2,1,1,0,0,39,274,181,16,9,68,3355,892,201,84,368,98,141,2710,59,48,214,2603,423,199,1278,1767,489,4059,28,62,36,74,463,105,8,693,23,6,538,180,27,7,101,13,15,199,85,8,8,91,17,0,324,48,0,900,2821,1504,1317,2186,1313,873,2186,2135,51,-,0,635,1697,239,183,16,1351,88,453,0,112,131,8,141,350,56,309,49,132,188,371,214,69,104,144,1457,7,10,64,27,48,218,275,498,137,173,"$103,951.00",2.63,"$39,525.10",2102,1707,174,0,59,31,131,28.5 minutes,1488,1378,1227,151,110,37,1.60 %,7.40 %,2.71,2.04,1530,1492,0,0,0,8,0,0,30,0,1530,0,37,84,66,112,243,279,291,418,7.3,1434,1434,0,0,797,114,523,0,0,0,0,0,0,1266,24,24,68,307,668,120,55,0,1119,0,0,22,30,213,499,355,147,330,332,249,139,78,138,0,106.0,0.0,6.0,24.0,14.0,11.0,2.0,36.0,13.0,823.0,23.0,26.0,12.0,10.0,0.0,22.0,13.0,47,240,870,277
78733,4365,4351,1.00,8716,732,917,969,669,203,848,2096,1623,294,141,141,66,17,35.1,5574,2750,2824,5388,309,224,105,119,8563,7878,47,28,408,157,132,11,10,27,28,43,0,0,0,0,0,202,640,459,20,15,146,8076,3288,314,189,1653,636,496,5472,76,72,362,5324,932,219,2293,3811,1518,10924,50,224,152,76,1592,545,28,2223,23,42,1065,483,21,92,282,16,35,409,468,21,12,290,54,24,471,130,0,2096,6221,3069,3152,4444,2641,1803,4444,4321,123,-,0,1777,3326,574,409,12,2770,351,940,0,119,141,12,203,687,159,410,74,189,397,836,732,272,156,194,2949,98,22,77,140,221,440,431,677,341,502,"$102,239.00",3.11,"$32,874.28",4276,3399,419,4,29,52,373,28.2 minutes,2960,2807,2538,269,153,26,2.00 %,1.50 %,3.17,2.47,3045,2836,38,37,10,0,11,0,113,0,3045,0,38,101,161,372,516,425,406,1026,7.3,2906,2870,16,20,129,544,2178,9,0,22,10,4,10,2354,16,69,274,309,707,681,252,46,2095,19,6,7,111,419,521,1012,259,638,445,422,287,201,351,10,283.0,0.0,0.0,6.0,39.0,70.0,78.0,54.0,36.0,1037.0,50.0,63.0,42.0,0.0,10.0,72.0,46.0,14,505,1651,736
78734,6607,6318,1.05,12925,734,906,970,862,371,1305,2617,2410,698,500,862,562,128,40.6,9714,4897,4817,9369,1841,1552,744,808,12776,12056,68,44,98,6,31,12,10,14,8,17,5,0,1,0,4,505,1246,1020,27,12,187,11679,3007,237,186,1379,770,435,9059,213,390,1154,8456,2489,513,2954,4300,1346,14233,9,214,129,248,2141,417,48,2784,86,60,1742,485,9,250,197,28,102,471,416,0,0,421,82,0,1085,105,0,2704,10083,5119,4964,6713,3903,2810,6703,6487,216,-,10,3370,4509,997,946,35,3160,677,1695,8,589,358,102,702,725,240,597,214,266,652,984,950,402,225,428,5001,147,111,225,497,640,904,893,834,389,361,"$74,052.00",2.53,"$29,269.57",6411,5078,733,7,66,89,438,32.2 minutes,5672,5086,4168,918,586,388,1.00 %,4.90 %,2.53,2.56,5660,4387,424,206,27,50,30,16,453,67,5660,82,200,279,555,1098,1160,959,751,576,6.0,5048,4876,56,116,69,824,4099,0,0,31,0,0,25,3555,43,343,557,649,1111,550,198,104,2490,0,21,53,273,677,646,820,1065,1336,539,525,318,226,578,33,886.0,11.0,26.0,53.0,122.0,252.0,220.0,163.0,39.0,965.0,203.0,110.0,139.0,64.0,144.0,171.0,55.0,40,1095,2683,1230
78735,4885,4786,1.02,9671,710,507,480,399,768,2060,1715,1491,507,297,370,260,107,34.5,7718,3886,3832,7479,915,737,327,410,9508,8624,120,30,366,97,151,22,35,29,19,13,6,3,0,1,2,362,1049,787,24,14,224,8622,2238,182,126,674,443,813,6776,150,158,504,6468,1258,350,2525,4356,1831,10492,42,158,82,89,1560,329,78,1942,20,50,1337,411,0,71,252,19,129,334,391,8,0,134,106,18,559,105,48,2220,7891,3992,3899,5793,3289,2504,5780,5661,119,-,13,2098,4307,846,481,27,3554,275,1477,0,230,125,41,250,928,169,592,68,269,606,1093,813,276,192,364,4228,249,134,255,252,441,775,700,720,288,414,"$75,204.00",2.26,"$33,276.11",5624,4775,365,8,53,52,371,23.4 minutes,4717,4232,2380,1852,485,53,2.30 %,14.70 %,2.59,1.84,4705,2330,101,67,143,270,854,705,212,23,4705,116,380,636,702,760,541,607,380,583,5.2,4218,4089,60,69,2261,170,1744,11,0,2,0,30,0,2180,2,99,408,542,580,115,337,97,1812,0,12,31,76,581,513,599,368,687,429,415,245,65,328,11,1837.0,9.0,8.0,43.0,83.0,606.0,744.0,321.0,23.0,1084.0,470.0,197.0,231.0,161.0,51.0,660.0,67.0,192,1392,1968,666
78736,3393,3504,0.97,6897,399,516,532,496,269,840,1500,1257,315,201,318,174,80,38.0,5097,2487,2610,4894,672,572,238,334,6765,6195,81,32,91,20,30,9,4,5,10,13,4,4,0,0,0,362,891,674,12,18,187,6006,2029,130,80,939,440,440,4764,42,84,754,4638,1332,336,1536,2216,680,7876,28,127,19,231,1166,295,20,1551,41,5,963,221,1,62,191,0,21,469,149,23,6,71,2,10,455,69,21,1659,5333,2536,2797,4182,2154,2028,4182,4127,55,-,0,1151,2769,893,465,0,2086,483,981,8,298,271,66,259,492,151,268,136,108,343,476,811,394,225,398,2576,55,57,142,221,369,684,409,328,136,175,"$62,294.00",2.69,"$23,157.62",4094,3387,470,0,21,47,169,28.1 minutes,2608,2522,2136,386,86,9,0.70 %,3.50 %,2.74,2.44,2632,2251,40,76,78,15,0,34,131,7,2632,10,53,87,182,488,761,537,226,288,6.2,2563,2540,17,6,505,325,1679,25,0,13,0,7,9,1870,2,331,877,309,239,82,30,0,1598,0,23,43,398,761,239,134,272,719,384,345,148,111,151,12,382.0,0.0,0.0,8.0,69.0,73.0,166.0,14.0,52.0,1030.0,72.0,54.0,93.0,0.0,14.0,97.0,52.0,65,569,1260,669
78737,3563,3537,1.01,7100,403,556,663,573,183,516,1504,1496,399,280,337,152,38,40.0,5079,2532,2547,4856,689,527,262,265,7012,6672,58,29,97,8,6,18,11,13,25,16,0,0,0,0,0,156,677,508,12,11,146,6423,2092,204,123,946,502,317,4918,137,155,701,4626,1214,338,1664,2373,709,8201,13,133,55,146,1337,429,94,1633,33,19,911,194,0,70,202,8,53,448,207,7,0,149,19,10,612,60,0,1359,5557,2752,2805,3969,2149,1820,3969,3913,56,-,0,1588,2684,846,362,21,2189,306,948,0,309,161,9,374,482,189,364,88,76,267,533,828,193,173,337,2487,44,49,132,92,272,460,383,671,222,162,"$87,029.00",2.91,"$29,906.87",3844,3115,368,5,56,11,289,35 minutes,2499,2440,2292,148,59,11,0.60 %,4.50 %,2.94,2.48,2497,2241,42,11,18,0,0,5,178,2,2497,0,26,56,131,351,524,550,454,405,6.8,2447,2397,35,15,61,636,1739,0,0,11,0,0,0,1936,2,96,291,552,607,308,65,15,1533,0,9,34,196,440,412,442,403,727,450,189,236,129,192,13,111.0,0.0,0.0,2.0,34.0,18.0,18.0,24.0,15.0,963.0,19.0,16.0,28.0,2.0,24.0,7.0,15.0,62,244,1271,870
78738,1406,1434,0.98,2840,152,180,208,150,55,198,494,476,219,206,302,149,51,44.7,2193,1057,1136,2140,629,502,238,264,2808,2724,23,6,21,14,4,0,2,1,0,0,0,0,0,0,0,34,129,92,2,6,29,2711,673,59,39,352,130,93,2135,22,33,234,2080,418,78,874,1350,476,3194,19,16,42,64,606,100,23,662,55,6,430,92,3,43,57,0,19,149,104,2,5,54,13,9,171,39,2,409,2310,1125,1185,1316,796,520,1316,1265,51,-,0,994,971,126,164,4,693,78,374,0,63,57,43,91,126,79,83,41,61,184,190,191,70,57,49,1107,24,12,48,48,95,180,130,237,116,217,"$102,295.00",2.52,"$40,593.25",1262,968,83,0,21,23,167,31.3 minutes,1265,1107,977,130,158,65,1.40 %,27.80 %,2.56,2.24,1278,1063,121,15,24,20,10,5,17,3,1278,18,8,26,49,122,250,186,251,368,7.4,1136,1134,0,2,12,173,925,0,0,7,0,14,5,884,8,34,36,117,225,307,153,4,639,0,5,6,51,92,125,360,245,269,193,123,98,58,139,4,135.0,4.0,8.0,0.0,2.0,8.0,49.0,48.0,16.0,1410.0,24.0,15.0,18.0,24.0,17.0,21.0,16.0,7,253,634,242
78741,22535,18126,1.24,40661,2756,1959,1530,3945,11904,9523,4332,2483,722,456,639,331,81,23.9,33212,18662,14550,27464,1310,1051,455,596,38987,20140,3577,354,2379,470,690,131,64,433,296,295,39,15,12,6,6,12498,20966,16287,171,68,4440,19695,15651,388,450,2740,1175,10898,18633,3512,2842,3484,12279,3242,790,3167,4763,1596,39906,151,310,109,236,1613,805,172,3163,14,82,2069,729,36,206,500,44,168,446,536,49,240,224,57,30,1056,155,121,26585,34194,19042,15152,24803,14613,10190,24779,23321,1458,-,24,9391,18279,4213,783,46,6841,4619,6227,36,3379,2219,54,3083,1954,481,2657,538,999,1321,2501,4033,3205,907,1588,17118,3467,1767,3202,2881,2723,2068,621,257,57,75,"$25,369.00",2.37,"$10,704.22",22667,14469,4412,2586,333,570,297,23 minutes,17754,17080,2471,14609,674,57,1.20 %,2.80 %,2.86,2.29,17757,2221,605,638,1079,1852,3639,7257,454,12,17757,1418,3304,4424,4601,2321,1222,323,137,7,3.4,17078,14631,1014,1433,4259,197,12565,0,0,0,0,8,49,1854,482,859,367,52,86,8,0,0,1110,0,198,286,309,249,60,8,744,803,287,248,144,70,278,24,14573.0,260.0,127.0,1298.0,8406.0,3313.0,925.0,119.0,125.0,650.0,1498.0,1673.0,1579.0,1424.0,1112.0,6522.0,765.0,1773,8606,5031,1668
78742,326,299,1.09,625,54,55,46,39,51,102,96,71,19,26,54,8,4,31.4,455,239,216,420,79,66,31,35,602,304,54,3,4,0,0,0,4,0,0,0,0,0,0,0,0,237,358,308,3,0,47,267,151,3,19,85,32,12,366,88,65,106,213,84,5,18,18,0,663,5,13,0,0,32,3,0,31,0,0,59,0,0,0,0,0,0,0,0,0,0,16,0,0,7,3,0,494,441,238,203,254,175,79,254,251,3,-,0,187,221,15,15,0,12,34,55,0,74,76,9,64,43,0,47,17,0,3,25,13,5,16,9,185,16,18,14,77,27,21,3,4,0,5,"$28,281.00",2.88,"$9,819.79",245,198,40,0,2,0,5,21.8 minutes,228,217,137,80,11,0,1.40 %,3.60 %,2.80,3.01,212,98,5,0,9,13,0,0,80,7,212,0,36,40,40,49,17,15,5,10,4.3,212,150,34,28,95,23,86,0,0,8,0,0,0,75,14,32,22,0,7,0,0,0,37,0,7,6,12,12,0,0,38,25,26,13,5,0,6,0,79.0,0.0,6.0,21.0,25.0,27.0,0.0,0.0,0.0,545.0,0.0,11.0,19.0,15.0,7.0,27.0,0.0,11,70,88,43
78744,17212,16494,1.04,33706,3552,3451,2998,2863,3536,6498,5238,3099,893,578,656,282,62,25.6,22016,11169,10847,20186,1328,1000,413,587,32520,15611,3932,317,471,79,68,79,27,69,42,107,31,11,5,0,15,12158,21839,16987,241,60,4551,11867,10841,728,809,5393,1994,1917,17512,3350,3317,4594,10845,3261,724,1655,2266,611,31257,31,106,33,206,790,490,124,1664,35,42,967,381,11,106,166,4,3,340,218,22,208,48,7,20,855,76,38,24266,23265,11751,11514,16049,8921,7128,16031,15155,876,-,18,7216,11587,2805,748,15,3554,3104,4047,28,2294,2128,71,1850,1720,449,1723,617,456,907,1390,2067,1604,959,1342,10125,741,555,1399,1796,2372,2120,612,352,53,125,"$38,256.00",3.35,"$11,419.70",14752,10398,3104,635,186,129,300,27.8 minutes,10386,10058,5376,4682,328,36,0.90 %,2.80 %,3.59,3.06,10434,5366,643,845,303,307,665,983,1322,0,10434,226,979,2127,1893,2980,1458,445,172,154,4.5,10097,7848,1028,1221,5451,213,4368,12,0,11,0,0,42,4092,299,3143,505,84,19,30,0,12,3680,0,64,579,1909,943,142,43,412,895,770,592,492,335,984,24,4659.0,71.0,90.0,145.0,2012.0,1859.0,391.0,18.0,73.0,748.0,585.0,702.0,710.0,585.0,376.0,1413.0,288.0,470,3873,4368,1386
78745,26542,26502,1.00,53044,3887,3482,3338,3780,5150,10065,8648,7058,2111,1556,2276,1259,434,31.3,40076,19850,20226,37648,4892,3969,1566,2403,51087,35237,3107,411,847,202,121,106,75,98,130,115,40,18,8,4,10,11445,21384,15986,285,86,5027,31660,13667,866,752,5650,2697,3702,33509,2475,3281,8090,27753,8973,2359,5994,8331,2337,56365,163,696,129,757,4339,1152,150,7191,67,166,4999,1335,40,421,513,84,156,1203,1035,17,289,562,79,66,2766,259,62,27669,41621,20775,20846,30941,16771,14170,30861,29840,1021,-,80,10680,21751,6130,1898,61,10152,4420,8506,42,3680,3040,112,2682,3213,715,3699,1004,1054,1838,3225,5118,2639,1780,2761,20558,1203,961,2495,3042,4036,4912,2256,1294,184,175,"$43,458.00",2.55,"$17,042.35",29372,21629,4941,1178,491,359,774,25.6 minutes,21295,20603,10714,9889,692,41,0.80 %,3.90 %,2.65,2.44,21358,12358,1029,1669,1102,924,1140,2772,320,44,21358,656,1442,3068,3434,5344,4780,1700,689,245,4.9,20659,18940,883,836,12620,208,7811,0,0,0,0,5,15,9667,123,6459,2663,317,70,24,6,5,7362,11,282,988,3189,2519,291,82,2305,3555,1922,1308,878,532,1433,39,9926.0,204.0,33.0,709.0,3723.0,3397.0,1461.0,168.0,231.0,761.0,1502.0,1557.0,1396.0,1291.0,857.0,3022.0,301.0,1293,8097,8148,3121
78746,13029,12994,1.00,26023,1415,2081,2444,2092,1205,2580,4596,5557,1364,803,1037,585,264,38.3,18567,9185,9382,17802,2324,1886,853,1033,25640,23961,149,57,1154,537,304,19,57,102,23,112,7,1,6,0,0,312,1334,847,48,44,395,24689,8513,700,524,3752,1888,1649,16567,97,208,924,16262,2307,516,6759,12515,5756,29029,248,593,113,392,4667,1246,97,5064,138,90,3339,1086,33,278,567,25,250,1062,1182,62,12,481,126,29,1448,248,17,6136,19308,9665,9643,13251,7895,5356,13251,13035,216,-,0,6057,9533,2070,1387,45,8836,722,2909,28,188,352,91,483,1424,266,1284,250,652,1314,2588,2820,736,516,611,9876,385,191,397,589,1042,1203,1100,1884,1114,1971,"$100,571.00",2.60,"$38,681.15",12865,10933,627,69,118,151,967,22 minutes,10351,9958,7078,2880,393,111,0.70 %,2.80 %,2.91,1.85,10324,7018,448,156,289,589,658,1142,24,0,10324,96,613,879,926,860,1405,1567,1409,2569,6.7,9918,9745,88,85,4722,427,4745,14,0,0,0,10,0,6387,44,17,155,533,1904,1952,1451,331,4870,8,11,28,130,713,959,3021,1517,2453,1216,780,551,403,972,12,2860.0,11.0,9.0,13.0,669.0,1002.0,543.0,541.0,72.0,922.0,499.0,372.0,431.0,385.0,232.0,799.0,142.0,208,2648,4891,2171
78747,2492,2587,0.96,5079,339,333,326,294,252,631,721,780,356,275,465,270,37,40.2,3904,1900,2004,3734,926,772,383,389,4945,4003,230,29,35,4,10,6,5,7,0,3,8,2,1,0,5,640,1801,1469,4,2,326,3278,972,54,67,508,184,159,3445,227,269,754,2949,653,167,842,1375,533,4901,0,49,48,33,474,44,59,656,38,16,536,65,0,32,90,0,0,192,62,0,0,116,0,9,251,25,7,2099,3959,1951,2008,2362,1346,1016,2362,2254,108,-,0,1597,1454,577,223,0,1173,188,404,2,249,238,23,218,256,132,137,43,49,209,265,347,122,160,293,1900,61,48,155,151,290,418,257,286,120,114,"$60,861.00",2.67,"$22,794.38",2215,1681,328,2,52,13,139,30.3 minutes,2082,1900,1708,192,182,11,6.30 %,4.00 %,2.64,2.89,2055,1332,162,29,29,9,0,8,473,13,2055,0,26,55,130,649,340,427,290,138,6.0,1891,1809,52,30,933,320,590,8,0,23,0,17,0,1266,20,216,245,233,410,127,15,0,840,0,34,8,125,274,202,197,426,527,191,161,97,110,169,11,205.0,11.0,8.0,22.0,35.0,46.0,50.0,27.0,6.0,832.0,102.0,16.0,14.0,11.0,12.0,44.0,6.0,69,496,1007,319
78748,12452,12909,0.96,25361,2122,1948,1927,1850,1613,4976,5143,3236,879,549,719,320,79,31.3,18169,8759,9410,17227,1423,1118,472,646,24524,18471,1353,145,792,95,158,119,34,68,217,101,9,2,4,2,1,3754,7696,5629,158,22,1887,17665,7508,569,361,3136,1486,1956,16082,415,987,3396,14680,4453,1285,4054,5546,1492,26728,128,450,42,237,2392,847,117,3784,41,28,2581,614,0,300,432,16,111,655,623,42,153,291,124,49,1366,154,100,11051,18760,8830,9930,15107,7606,7501,15058,14597,461,-,49,3653,10253,3366,900,78,5911,1542,4913,32,1080,1119,79,917,1885,415,1702,477,619,1260,1517,2456,858,718,1694,9189,244,168,546,882,1773,2662,1620,907,267,120,"$57,710.00",2.74,"$21,062.04",14400,11543,2007,104,130,147,469,27.8 minutes,9531,9220,6770,2450,311,15,1.30 %,4.50 %,2.83,2.50,9435,7297,418,596,445,100,118,222,224,15,9435,21,360,670,1205,2326,2337,1417,721,378,5.6,9119,8682,316,121,5812,333,2940,11,0,8,0,13,2,6270,70,1981,3023,969,182,43,2,0,5642,0,42,133,1625,3048,652,142,628,1644,1263,1381,845,396,730,11,2358.0,65.0,25.0,41.0,608.0,1023.0,473.0,65.0,58.0,846.0,389.0,385.0,387.0,306.0,290.0,532.0,69.0,223,2756,4552,1588
78749,14069,14428,0.98,28497,2406,2249,2027,1622,1770,5781,6003,3944,902,551,662,409,171,32.2,20754,10121,10633,19882,1542,1242,478,764,27669,22844,1166,94,1430,299,362,147,78,162,196,186,36,7,11,5,13,2099,5171,3673,148,49,1301,23326,8140,745,377,3461,1448,2109,18468,173,411,2392,17884,4108,1474,6715,9910,3195,31879,247,328,186,458,3355,927,155,5795,62,99,3193,1122,70,264,665,68,262,787,812,54,57,352,83,66,1798,233,19,10362,21411,10438,10973,17320,9303,8017,17286,16933,353,-,34,4091,12226,3699,983,25,9553,1346,4571,0,674,789,61,567,2677,352,1793,380,841,1354,2258,3122,1002,693,1833,10749,251,143,625,736,1454,2935,2322,1750,284,249,"$68,244.00",2.63,"$25,948.29",16776,14018,1780,68,77,110,723,26.5 minutes,11246,10780,7897,2883,466,40,1.10 %,4.90 %,2.83,2.07,11196,8581,317,249,99,198,541,1199,12,0,11196,105,570,863,1119,1682,2712,1948,1253,944,6.0,10758,10513,158,87,7340,160,3250,0,0,8,0,0,0,7561,31,982,3135,2624,713,49,13,14,6915,0,35,82,857,3915,1686,340,646,1846,1682,1579,1126,354,924,50,2892.0,14.0,5.0,53.0,415.0,1268.0,966.0,108.0,63.0,922.0,465.0,480.0,545.0,357.0,210.0,760.0,75.0,253,2926,5916,1663
78750,11564,11912,0.97,23476,1470,1637,1966,1778,1169,2934,4413,4137,1331,797,1067,576,201,37.1,17231,8367,8864,16394,2276,1844,808,1036,22954,20138,649,69,1456,361,597,42,56,150,148,102,24,10,4,5,5,618,2294,1531,60,30,673,21182,6463,490,330,2956,1577,1110,15451,160,442,1814,14849,3652,863,5395,8520,3125,27053,170,266,333,391,3809,782,239,4748,98,103,3114,829,17,456,401,29,193,896,840,33,239,669,35,13,1319,324,28,6679,18086,8895,9191,13437,7435,6002,13437,12993,444,-,0,4649,10129,1842,979,43,7227,980,3439,11,623,713,101,585,2215,396,1380,260,623,1262,2137,2234,627,496,677,8854,214,141,528,580,1055,1697,1421,1808,795,615,"$78,428.00",2.65,"$29,595.47",12794,10508,1275,119,158,164,570,24.2 minutes,8970,8791,6316,2475,179,20,0.40 %,2.60 %,2.76,2.35,8984,6585,431,131,377,578,461,416,5,0,8984,38,184,582,761,1321,1497,1692,1271,1638,6.6,8805,8585,101,119,4093,73,4631,0,0,0,0,0,8,5939,26,694,1522,1077,1852,749,19,0,4725,0,23,83,752,1357,1289,1221,1214,2246,1238,859,640,333,599,24,2483.0,9.0,12.0,22.0,658.0,1097.0,480.0,130.0,75.0,843.0,346.0,483.0,379.0,307.0,216.0,645.0,107.0,221,2321,4443,1820
78751,7690,6315,1.22,14005,538,405,345,565,3349,4461,2005,1254,272,161,274,272,104,28.1,12527,6922,5605,11629,740,650,249,401,13543,10903,377,97,902,263,364,46,43,66,57,63,10,4,2,3,1,1254,2938,2191,38,100,609,11067,4670,94,84,534,235,3723,8775,379,528,991,7868,1714,310,2995,4853,1858,15074,125,165,52,164,1580,453,108,2138,54,38,1665,520,21,111,322,23,133,448,603,0,29,249,34,39,448,197,30,5325,12535,6769,5766,9495,5441,4054,9483,9014,469,-,12,3040,6108,2350,549,7,4484,1054,2129,29,674,644,16,575,724,136,1127,163,493,437,1263,2239,971,393,477,7322,1065,746,1243,1262,1057,925,443,418,108,55,"$29,779.00",1.89,"$15,756.08",8720,5562,877,1093,279,524,385,18.5 minutes,7652,7389,1909,5480,263,19,1.20 %,2.00 %,2.06,1.82,7589,3048,350,591,289,302,983,2020,6,0,7589,1049,1276,1212,1729,1166,632,306,168,51,3.6,7325,6888,141,296,4243,62,2944,0,0,19,0,0,57,1685,14,349,493,440,270,101,18,0,1225,7,17,78,313,515,177,118,460,566,210,301,172,129,289,18,5417.0,31.0,22.0,1084.0,2394.0,1030.0,693.0,109.0,54.0,626.0,509.0,595.0,578.0,652.0,358.0,2516.0,209.0,847,3865,2015,598
78752,9927,8103,1.23,18030,1551,1189,913,1380,2861,4304,2379,1471,418,329,547,424,264,27.1,13722,7612,6110,12498,1416,1235,437,798,17517,9030,2382,126,441,107,123,26,23,33,82,47,27,10,7,5,5,5511,9838,8258,57,45,1478,8192,4715,302,301,1538,709,1865,10029,2424,1329,2082,6276,1912,435,1118,1847,729,16980,50,136,30,74,692,288,48,1232,7,25,767,211,0,35,195,0,65,243,154,0,171,135,0,7,374,53,14,11974,14134,7836,6298,9694,6045,3649,9694,8961,733,-,0,4440,7194,1335,418,14,2282,1669,1998,78,1847,1087,45,1779,1004,175,865,160,323,290,1072,1224,1010,421,593,6736,910,535,1351,1108,1147,1103,373,183,13,13,"$30,207.00",2.59,"$11,662.93",8826,5193,2430,588,217,286,112,22 minutes,7081,6862,1800,5062,219,23,1.30 %,2.40 %,2.61,2.59,6994,1946,398,547,382,792,726,2131,66,6,6994,684,1168,1670,1412,990,735,215,78,42,3.5,6778,5263,540,975,2959,156,3644,0,0,0,0,0,19,1551,99,990,412,50,0,0,0,0,926,7,69,144,402,262,42,0,625,654,253,197,122,88,212,25,4969.0,93.0,16.0,467.0,3046.0,971.0,234.0,83.0,59.0,643.0,699.0,590.0,655.0,525.0,361.0,1925.0,214.0,1049,3010,2143,576
78753,22612,21598,1.05,44210,4344,3630,2831,3000,4747,9616,7107,4426,1319,918,1311,709,252,28.4,31775,16198,15577,29528,2794,2272,898,1374,42799,21452,8249,279,2802,362,206,122,27,138,1617,330,34,14,8,4,8,9983,17035,13242,234,127,3432,27175,10767,755,840,4993,1878,2301,25558,2946,2842,6267,19770,6406,1564,3939,5533,1594,43569,116,398,38,173,1990,798,118,3725,30,54,2389,502,32,232,374,44,92,640,692,75,649,246,52,0,1878,215,155,27862,32600,16674,15926,25139,13987,11152,25089,23890,1199,-,50,7461,18922,3787,1122,59,6806,3637,6524,64,3230,3629,66,2756,3935,478,2517,791,725,1535,2614,3167,2077,1298,1931,16436,1371,971,2508,2588,3052,3455,1501,753,121,116,"$38,206.00",2.64,"$14,471.97",23482,16775,4547,831,391,445,493,21.4 minutes,17302,16633,6703,9930,669,54,1.80 %,3.40 %,2.84,2.51,17100,6557,894,744,1048,1428,1545,3923,954,7,17100,1138,1903,3301,3323,3199,2259,1290,408,279,4.2,16452,13966,1229,1257,7335,131,8891,0,0,16,0,43,36,5429,103,2931,2034,262,82,17,0,0,4348,19,89,450,1599,1869,281,41,1081,1768,1050,877,491,363,851,29,9748.0,153.0,122.0,906.0,5477.0,2412.0,497.0,21.0,160.0,654.0,1490.0,1500.0,1383.0,974.0,806.0,3242.0,353.0,1342,7518,5630,1962
78754,2744,2678,1.02,5422,423,366,266,247,437,1158,1030,688,226,204,256,91,30,33.2,4225,2145,2080,4055,492,377,186,191,5260,3583,892,28,212,34,31,17,6,12,79,33,9,5,1,0,3,536,1069,776,28,3,262,4353,1144,102,149,438,175,280,3741,101,192,797,3448,1109,351,891,1191,300,5638,9,74,0,26,523,98,72,960,8,6,383,95,0,36,65,0,22,82,131,0,11,63,8,6,187,49,47,2677,4294,2142,2152,3358,1798,1560,3350,3219,131,-,8,936,2407,590,222,0,1413,335,930,0,273,268,45,213,617,88,315,97,73,237,343,468,234,133,356,2416,88,84,176,380,438,701,330,126,42,51,"$51,810.00",2.27,"$22,823.79",3133,2614,368,26,39,22,64,21.9 minutes,2554,2388,1354,1034,166,14,1.00 %,9.10 %,2.64,1.77,2625,1072,113,75,33,133,292,540,367,0,2625,116,207,353,478,357,503,299,177,135,4.9,2449,2303,64,82,1123,44,1263,0,0,0,0,10,9,931,0,281,524,114,6,0,6,0,766,0,0,29,208,367,112,50,165,282,233,143,110,43,120,0,1090.0,10.0,8.0,25.0,572.0,351.0,99.0,8.0,17.0,726.0,182.0,141.0,197.0,175.0,150.0,208.0,37.0,105,1009,1058,277
78756,3513,3615,0.97,7128,351,283,202,228,667,1791,1373,991,218,155,307,395,167,35.2,6182,3037,3145,5965,959,869,263,606,6944,6113,196,51,120,18,34,11,17,23,9,8,4,1,0,0,3,460,1028,767,32,11,218,6100,1435,94,76,378,198,689,5520,226,306,738,4988,1152,263,1823,2835,1012,7905,34,72,29,78,1074,333,37,1493,7,62,875,243,0,94,174,33,83,356,231,0,24,134,77,0,382,74,14,1892,6335,3135,3200,4766,2548,2218,4759,4488,271,-,7,1569,3063,940,485,0,2317,617,1074,0,222,258,24,184,296,73,463,79,308,264,807,895,474,238,383,4040,478,235,675,526,586,694,427,273,64,82,"$36,978.00",1.80,"$20,543.33",4448,3383,298,205,144,196,222,17.5 minutes,4094,3953,1574,2379,141,16,1.60 %,2.10 %,1.99,1.67,4157,2069,217,246,75,191,384,963,5,7,4157,274,376,807,937,887,607,140,88,41,4.2,4011,3887,4,120,2813,11,1187,0,0,0,0,0,0,1362,0,154,364,344,342,158,0,0,938,0,18,60,182,334,197,147,424,450,264,183,154,77,226,8,2424.0,77.0,33.0,376.0,1206.0,407.0,233.0,16.0,76.0,605.0,344.0,318.0,338.0,308.0,239.0,765.0,112.0,521,2077,1145,268
78757,10554,10861,0.97,21415,1160,978,979,1056,1798,4442,3598,2801,723,712,1525,1260,383,35.7,17717,8639,9078,16962,3610,3168,1134,2034,20896,17737,491,135,384,77,118,27,24,36,67,35,13,4,3,3,3,2136,4195,3217,60,42,876,17220,4455,325,250,1474,695,1711,15527,809,1097,2885,13621,3345,608,4515,6783,2268,23679,141,505,107,282,2893,903,180,4092,28,42,2554,613,61,212,366,18,208,900,903,17,77,428,98,32,1270,89,8,6652,18199,8815,9384,12730,6801,5929,12711,12275,436,-,19,5469,8510,2624,1102,39,6002,1454,3029,0,952,838,64,787,1145,240,1201,296,649,703,1992,2393,1113,628,1064,9969,491,509,1141,1473,1935,2297,1089,739,202,93,"$45,090.00",2.14,"$21,070.09",12103,9274,1429,372,265,275,488,19.2 minutes,10131,9911,5631,4280,220,23,0.70 %,1.90 %,2.13,2.16,10148,6418,472,522,419,374,340,1594,9,0,10148,207,622,1472,1736,2321,2325,918,334,213,4.9,9946,9472,216,258,6783,70,3077,0,0,0,0,0,16,5075,42,1140,2262,1203,392,27,0,9,3154,0,56,318,866,1388,452,74,1921,2201,914,649,456,240,567,48,4310.0,53.0,48.0,227.0,1987.0,1227.0,563.0,51.0,154.0,721.0,545.0,637.0,868.0,511.0,376.0,1168.0,205.0,668,4445,3840,993
78758,22711,20109,1.13,42820,3235,2484,2148,2699,5648,11139,6613,4443,1271,880,1283,703,274,28.9,33602,17889,15713,31407,2755,2260,876,1384,41388,25384,4924,234,3371,909,415,125,64,204,1392,262,29,11,8,7,3,7446,13759,10732,204,151,2672,29061,10464,582,494,3904,1652,3832,27043,2489,2383,5439,22171,6725,1739,5812,8268,2456,43712,179,612,115,386,2737,893,182,4969,149,53,3027,863,74,417,474,54,207,737,552,22,350,433,76,30,2135,204,84,23698,34743,18323,16420,26932,15477,11455,26932,25857,1075,-,0,7811,21185,3568,1099,5,9432,3579,6954,30,2909,2953,28,2312,4782,730,2947,683,1075,1484,3104,3497,2240,1285,1690,18179,1094,707,2335,2749,3814,4308,1921,985,169,97,"$42,398.00",2.34,"$18,118.80",25494,18953,4357,990,527,300,367,20 minutes,18633,18024,5624,12400,609,77,0.60 %,2.70 %,2.53,2.26,18804,5477,1572,1533,1087,1526,2038,5455,76,40,18804,1069,2434,3842,4003,3533,2178,946,558,241,4.0,18202,16158,937,1107,8196,165,9694,11,0,0,119,10,7,4905,51,2716,1849,272,6,0,6,5,3922,10,53,376,1651,1595,214,23,983,1673,1049,721,433,315,704,10,12560.0,112.0,69.0,644.0,5457.0,4598.0,1415.0,148.0,117.0,747.0,1999.0,2284.0,2113.0,1683.0,1119.0,3070.0,292.0,1288,8607,6361,1946
78759,20214,20333,0.99,40547,2168,2015,2024,1752,3632,9258,7217,5942,1818,1271,1725,1236,489,34.2,33214,16548,16666,32199,4194,3450,1401,2049,39816,34496,1070,119,3012,1030,1032,92,145,252,253,208,21,13,1,0,7,1098,3481,2303,121,77,980,37066,9499,795,429,3354,1465,3456,28716,140,430,2833,28146,5679,1218,11448,18416,6968,44146,231,640,278,608,5444,1598,227,7770,83,191,4847,1353,119,485,831,122,437,1477,1526,64,141,767,146,65,2491,395,48,11762,33789,16809,16980,26375,14361,12014,26322,25669,653,-,53,7414,20045,3727,1833,64,15648,1683,6738,0,612,988,84,792,3777,512,3077,401,1342,2378,5186,4063,1483,934,1640,19507,763,454,1368,2006,2967,4294,2899,2836,999,921,"$61,284.00",2.04,"$30,041.18",25317,22093,1530,196,221,156,1121,20.1 minutes,20648,19675,8839,10836,973,141,0.70 %,3.40 %,2.52,1.66,20620,8324,1104,656,1099,2295,2639,4458,45,0,20620,731,1828,3550,3426,3000,2586,2203,1676,1620,4.8,19594,19220,173,201,8075,241,11208,8,0,19,0,7,36,7991,30,434,1776,2078,2621,982,63,7,6379,0,32,162,649,2092,1719,1725,1612,2810,1493,1321,878,403,1059,27,10744.0,36.0,9.0,114.0,2363.0,4715.0,2873.0,579.0,55.0,895.0,2132.0,1956.0,1685.0,1122.0,943.0,2697.0,209.0,669,8137,8514,2274
78739,4339,4304,1.01,8643,794,897,880,630,200,844,1986,1508,325,219,249,89,22,35.5,5613,2774,2839,5391,494,360,179,181,8460,7513,190,19,526,140,207,17,40,36,46,40,3,1,1,0,1,209,865,617,31,8,209,7778,3074,286,263,1295,693,537,5183,7,67,524,5109,915,312,2161,3358,1197,9093,18,151,114,71,1376,248,122,1569,32,48,1000,401,54,83,171,9,67,289,159,23,0,104,0,35,417,41,55,2436,5967,2958,3009,4165,2468,1697,4165,4051,114,-,0,1802,3122,695,214,20,2660,271,915,8,84,113,8,94,839,61,411,40,186,332,543,813,329,153,242,2650,16,7,24,95,187,319,620,777,324,281,"$102,707.00",3.24,"$31,699.69",3990,3324,416,7,0,30,213,31.7 minutes,2712,2649,2557,92,63,1,1.10 %,2.10 %,3.24,3.13,2720,2703,9,0,0,0,0,8,0,0,2720,0,0,34,17,69,310,639,681,970,7.9,2657,2629,28,0,1741,43,873,0,0,0,0,0,0,2448,17,34,116,1014,1009,249,9,0,2123,0,9,26,33,520,874,661,325,828,475,424,273,151,288,9,3767.3571428571427,71.14285714285714,43.714285714285715,321.85714285714283,1514.0,1109.6666666666667,521.2619047619048,115.35714285714286,70.35714285714286,790.7142857142857,555.4047619047619,547.0714285714286,538.7380952380952,421.2142857142857,305.1666666666667,1234.547619047619,165.21428571428572,8,326,1675,648
